INSERT INTO `actors` (`id`, `first_name`, `last_name`, `birthdate`) VALUES
(1, 'PENELOPE', 'GUINESS', '0000-00-00'),
(2, 'NICK', 'WAHLBERG', '0000-00-00'),
(3, 'ED', 'CHASE', '0000-00-00'),
(4, 'JENNIFER', 'DAVIS', '0000-00-00'),
(5, 'JOHNNY', 'LOLLOBRIGIDA', '0000-00-00'),
(6, 'BETTE', 'NICHOLSON', '0000-00-00'),
(7, 'GRACE', 'MOSTEL', '0000-00-00'),
(8, 'MATTHEW', 'JOHANSSON', '0000-00-00'),
(9, 'JOE', 'SWANK', '0000-00-00'),
(10, 'CHRISTIAN', 'GABLE', '0000-00-00'),
(11, 'ZERO', 'CAGE', '0000-00-00'),
(12, 'KARL', 'BERRY', '0000-00-00'),
(13, 'UMA', 'WOOD', '0000-00-00'),
(14, 'VIVIEN', 'BERGEN', '0000-00-00'),
(15, 'CUBA', 'OLIVIER', '0000-00-00'),
(16, 'FRED', 'COSTNER', '0000-00-00'),
(17, 'HELEN', 'VOIGHT', '0000-00-00'),
(18, 'DAN', 'TORN', '0000-00-00'),
(19, 'BOB', 'FAWCETT', '0000-00-00'),
(20, 'LUCILLE', 'TRACY', '0000-00-00'),
(21, 'KIRSTEN', 'PALTROW', '0000-00-00'),
(22, 'ELVIS', 'MARX', '0000-00-00'),
(23, 'SANDRA', 'KILMER', '0000-00-00'),
(24, 'CAMERON', 'STREEP', '0000-00-00'),
(25, 'KEVIN', 'BLOOM', '0000-00-00'),
(26, 'RIP', 'CRAWFORD', '0000-00-00'),
(27, 'JULIA', 'MCQUEEN', '0000-00-00'),
(28, 'WOODY', 'HOFFMAN', '0000-00-00'),
(29, 'ALEC', 'WAYNE', '0000-00-00'),
(30, 'SANDRA', 'PECK', '0000-00-00'),
(31, 'SISSY', 'SOBIESKI', '0000-00-00'),
(32, 'TIM', 'HACKMAN', '0000-00-00'),
(33, 'MILLA', 'PECK', '0000-00-00'),
(34, 'AUDREY', 'OLIVIER', '0000-00-00'),
(35, 'JUDY', 'DEAN', '0000-00-00'),
(36, 'BURT', 'DUKAKIS', '0000-00-00'),
(37, 'VAL', 'BOLGER', '0000-00-00'),
(38, 'TOM', 'MCKELLEN', '0000-00-00'),
(39, 'GOLDIE', 'BRODY', '0000-00-00'),
(40, 'JOHNNY', 'CAGE', '0000-00-00'),
(41, 'JODIE', 'DEGENERES', '0000-00-00'),
(42, 'TOM', 'MIRANDA', '0000-00-00'),
(43, 'KIRK', 'JOVOVICH', '0000-00-00'),
(44, 'NICK', 'STALLONE', '0000-00-00'),
(45, 'REESE', 'KILMER', '0000-00-00'),
(46, 'PARKER', 'GOLDBERG', '0000-00-00'),
(47, 'JULIA', 'BARRYMORE', '0000-00-00'),
(48, 'FRANCES', 'DAY-LEWIS', '0000-00-00'),
(49, 'ANNE', 'CRONYN', '0000-00-00'),
(50, 'NATALIE', 'HOPKINS', '0000-00-00'),
(51, 'GARY', 'PHOENIX', '0000-00-00'),
(52, 'CARMEN', 'HUNT', '0000-00-00'),
(53, 'MENA', 'TEMPLE', '0000-00-00'),
(54, 'PENELOPE', 'PINKETT', '0000-00-00'),
(55, 'FAY', 'KILMER', '0000-00-00'),
(56, 'DAN', 'HARRIS', '0000-00-00'),
(57, 'JUDE', 'CRUISE', '0000-00-00'),
(58, 'CHRISTIAN', 'AKROYD', '0000-00-00'),
(59, 'DUSTIN', 'TAUTOU', '0000-00-00'),
(60, 'HENRY', 'BERRY', '0000-00-00'),
(61, 'CHRISTIAN', 'NEESON', '0000-00-00'),
(62, 'JAYNE', 'NEESON', '0000-00-00'),
(63, 'CAMERON', 'WRAY', '0000-00-00'),
(64, 'RAY', 'JOHANSSON', '0000-00-00'),
(65, 'ANGELA', 'HUDSON', '0000-00-00'),
(66, 'MARY', 'TANDY', '0000-00-00'),
(67, 'JESSICA', 'BAILEY', '0000-00-00'),
(68, 'RIP', 'WINSLET', '0000-00-00'),
(69, 'KENNETH', 'PALTROW', '0000-00-00'),
(70, 'MICHELLE', 'MCCONAUGHEY', '0000-00-00'),
(71, 'ADAM', 'GRANT', '0000-00-00'),
(72, 'SEAN', 'WILLIAMS', '0000-00-00'),
(73, 'GARY', 'PENN', '0000-00-00'),
(74, 'MILLA', 'KEITEL', '0000-00-00'),
(75, 'BURT', 'POSEY', '0000-00-00'),
(76, 'ANGELINA', 'ASTAIRE', '0000-00-00'),
(77, 'CARY', 'MCCONAUGHEY', '0000-00-00'),
(78, 'GROUCHO', 'SINATRA', '0000-00-00'),
(79, 'MAE', 'HOFFMAN', '0000-00-00'),
(80, 'RALPH', 'CRUZ', '0000-00-00'),
(81, 'SCARLETT', 'DAMON', '0000-00-00'),
(82, 'WOODY', 'JOLIE', '0000-00-00'),
(83, 'BEN', 'WILLIS', '0000-00-00'),
(84, 'JAMES', 'PITT', '0000-00-00'),
(85, 'MINNIE', 'ZELLWEGER', '0000-00-00'),
(86, 'GREG', 'CHAPLIN', '0000-00-00'),
(87, 'SPENCER', 'PECK', '0000-00-00'),
(88, 'KENNETH', 'PESCI', '0000-00-00'),
(89, 'CHARLIZE', 'DENCH', '0000-00-00'),
(90, 'SEAN', 'GUINESS', '0000-00-00'),
(91, 'CHRISTOPHER', 'BERRY', '0000-00-00'),
(92, 'KIRSTEN', 'AKROYD', '0000-00-00'),
(93, 'ELLEN', 'PRESLEY', '0000-00-00'),
(94, 'KENNETH', 'TORN', '0000-00-00'),
(95, 'DARYL', 'WAHLBERG', '0000-00-00'),
(96, 'GENE', 'WILLIS', '0000-00-00'),
(97, 'MEG', 'HAWKE', '0000-00-00'),
(98, 'CHRIS', 'BRIDGES', '0000-00-00'),
(99, 'JIM', 'MOSTEL', '0000-00-00'),
(100, 'SPENCER', 'DEPP', '0000-00-00'),
(101, 'SUSAN', 'DAVIS', '0000-00-00'),
(102, 'WALTER', 'TORN', '0000-00-00'),
(103, 'MATTHEW', 'LEIGH', '0000-00-00'),
(104, 'PENELOPE', 'CRONYN', '0000-00-00'),
(105, 'SIDNEY', 'CROWE', '0000-00-00'),
(106, 'GROUCHO', 'DUNST', '0000-00-00'),
(107, 'GINA', 'DEGENERES', '0000-00-00'),
(108, 'WARREN', 'NOLTE', '0000-00-00'),
(109, 'SYLVESTER', 'DERN', '0000-00-00'),
(110, 'SUSAN', 'DAVIS', '0000-00-00'),
(111, 'CAMERON', 'ZELLWEGER', '0000-00-00'),
(112, 'RUSSELL', 'BACALL', '0000-00-00'),
(113, 'MORGAN', 'HOPKINS', '0000-00-00'),
(114, 'MORGAN', 'MCDORMAND', '0000-00-00'),
(115, 'HARRISON', 'BALE', '0000-00-00'),
(116, 'DAN', 'STREEP', '0000-00-00'),
(117, 'RENEE', 'TRACY', '0000-00-00'),
(118, 'CUBA', 'ALLEN', '0000-00-00'),
(119, 'WARREN', 'JACKMAN', '0000-00-00'),
(120, 'PENELOPE', 'MONROE', '0000-00-00'),
(121, 'LIZA', 'BERGMAN', '0000-00-00'),
(122, 'SALMA', 'NOLTE', '0000-00-00'),
(123, 'JULIANNE', 'DENCH', '0000-00-00'),
(124, 'SCARLETT', 'BENING', '0000-00-00'),
(125, 'ALBERT', 'NOLTE', '0000-00-00'),
(126, 'FRANCES', 'TOMEI', '0000-00-00'),
(127, 'KEVIN', 'GARLAND', '0000-00-00'),
(128, 'CATE', 'MCQUEEN', '0000-00-00'),
(129, 'DARYL', 'CRAWFORD', '0000-00-00'),
(130, 'GRETA', 'KEITEL', '0000-00-00'),
(131, 'JANE', 'JACKMAN', '0000-00-00'),
(132, 'ADAM', 'HOPPER', '0000-00-00'),
(133, 'RICHARD', 'PENN', '0000-00-00'),
(134, 'GENE', 'HOPKINS', '0000-00-00'),
(135, 'RITA', 'REYNOLDS', '0000-00-00'),
(136, 'ED', 'MANSFIELD', '0000-00-00'),
(137, 'MORGAN', 'WILLIAMS', '0000-00-00'),
(138, 'LUCILLE', 'DEE', '0000-00-00'),
(139, 'EWAN', 'GOODING', '0000-00-00'),
(140, 'WHOOPI', 'HURT', '0000-00-00'),
(141, 'CATE', 'HARRIS', '0000-00-00'),
(142, 'JADA', 'RYDER', '0000-00-00'),
(143, 'RIVER', 'DEAN', '0000-00-00'),
(144, 'ANGELA', 'WITHERSPOON', '0000-00-00'),
(145, 'KIM', 'ALLEN', '0000-00-00'),
(146, 'ALBERT', 'JOHANSSON', '0000-00-00'),
(147, 'FAY', 'WINSLET', '0000-00-00'),
(148, 'EMILY', 'DEE', '0000-00-00'),
(149, 'RUSSELL', 'TEMPLE', '0000-00-00'),
(150, 'JAYNE', 'NOLTE', '0000-00-00'),
(151, 'GEOFFREY', 'HESTON', '0000-00-00'),
(152, 'BEN', 'HARRIS', '0000-00-00'),
(153, 'MINNIE', 'KILMER', '0000-00-00'),
(154, 'MERYL', 'GIBSON', '0000-00-00'),
(155, 'IAN', 'TANDY', '0000-00-00'),
(156, 'FAY', 'WOOD', '0000-00-00'),
(157, 'GRETA', 'MALDEN', '0000-00-00'),
(158, 'VIVIEN', 'BASINGER', '0000-00-00'),
(159, 'LAURA', 'BRODY', '0000-00-00'),
(160, 'CHRIS', 'DEPP', '0000-00-00'),
(161, 'HARVEY', 'HOPE', '0000-00-00'),
(162, 'OPRAH', 'KILMER', '0000-00-00'),
(163, 'CHRISTOPHER', 'WEST', '0000-00-00'),
(164, 'HUMPHREY', 'WILLIS', '0000-00-00'),
(165, 'AL', 'GARLAND', '0000-00-00'),
(166, 'NICK', 'DEGENERES', '0000-00-00'),
(167, 'LAURENCE', 'BULLOCK', '0000-00-00'),
(168, 'WILL', 'WILSON', '0000-00-00'),
(169, 'KENNETH', 'HOFFMAN', '0000-00-00'),
(170, 'MENA', 'HOPPER', '0000-00-00'),
(171, 'OLYMPIA', 'PFEIFFER', '0000-00-00'),
(172, 'GROUCHO', 'WILLIAMS', '0000-00-00'),
(173, 'ALAN', 'DREYFUSS', '0000-00-00'),
(174, 'MICHAEL', 'BENING', '0000-00-00'),
(175, 'WILLIAM', 'HACKMAN', '0000-00-00'),
(176, 'JON', 'CHASE', '0000-00-00'),
(177, 'GENE', 'MCKELLEN', '0000-00-00'),
(178, 'LISA', 'MONROE', '0000-00-00'),
(179, 'ED', 'GUINESS', '0000-00-00'),
(180, 'JEFF', 'SILVERSTONE', '0000-00-00'),
(181, 'MATTHEW', 'CARREY', '0000-00-00'),
(182, 'DEBBIE', 'AKROYD', '0000-00-00'),
(183, 'RUSSELL', 'CLOSE', '0000-00-00'),
(184, 'HUMPHREY', 'GARLAND', '0000-00-00'),
(185, 'MICHAEL', 'BOLGER', '0000-00-00'),
(186, 'JULIA', 'ZELLWEGER', '0000-00-00'),
(187, 'RENEE', 'BALL', '0000-00-00'),
(188, 'ROCK', 'DUKAKIS', '0000-00-00'),
(189, 'CUBA', 'BIRCH', '0000-00-00'),
(190, 'AUDREY', 'BAILEY', '0000-00-00'),
(191, 'GREGORY', 'GOODING', '0000-00-00'),
(192, 'JOHN', 'SUVARI', '0000-00-00'),
(193, 'BURT', 'TEMPLE', '0000-00-00'),
(194, 'MERYL', 'ALLEN', '0000-00-00'),
(195, 'JAYNE', 'SILVERSTONE', '0000-00-00'),
(196, 'BELA', 'WALKEN', '0000-00-00'),
(197, 'REESE', 'WEST', '0000-00-00'),
(198, 'MARY', 'KEITEL', '0000-00-00'),
(199, 'JULIA', 'FAWCETT', '0000-00-00'),
(200, 'THORA', 'TEMPLE', '0000-00-00');



INSERT INTO `films` (`id`, `title`, `description`, `release_year`, `language_id`, `length`, `rating`, `special_features`, `image`, `created_at`) VALUES
(1, 'ACADEMY DINOSAUR', 'A Epic Drama of a Feminist And a Mad Scientist who must Battle a Teacher in The Canadian Rockies', 2006, 1, 86, 'PG', 'Deleted Scenes,Behind the Scenes', '', '2006-02-15 15:03:42'),
(2, 'ACE GOLDFINGER', 'A Astounding Epistle of a Database Administrator And a Explorer who must Find a Car in Ancient China', 2006, 1, 48, 'G', 'Trailers,Deleted Scenes', '', '2006-02-15 15:03:42'),
(3, 'ADAPTATION HOLES', 'A Astounding Reflection of a Lumberjack And a Car who must Sink a Lumberjack in A Baloon Factory', 2006, 1, 50, 'NC-17', 'Trailers,Deleted Scenes', '', '2006-02-15 15:03:42'),
(4, 'AFFAIR PREJUDICE', 'A Fanciful Documentary of a Frisbee And a Lumberjack who must Chase a Monkey in A Shark Tank', 2006, 1, 117, 'G', 'Commentaries,Behind the Scenes', '', '2006-02-15 15:03:42'),
(5, 'AFRICAN EGG', 'A Fast-Paced Documentary of a Pastry Chef And a Dentist who must Pursue a Forensic Psychologist in The Gulf of Mexico', 2006, 1, 130, 'G', 'Deleted Scenes', '', '2006-02-15 15:03:42'),
(6, 'AGENT TRUMAN', 'A Intrepid Panorama of a Robot And a Boy who must Escape a Sumo Wrestler in Ancient China', 2006, 1, 169, 'PG', 'Deleted Scenes', '', '2006-02-15 15:03:42'),
(7, 'AIRPLANE SIERRA', 'A Touching Saga of a Hunter And a Butler who must Discover a Butler in A Jet Boat', 2006, 1, 62, 'PG-13', 'Trailers,Deleted Scenes', '', '2006-02-15 15:03:42'),
(8, 'AIRPORT POLLOCK', 'A Epic Tale of a Moose And a Girl who must Confront a Monkey in Ancient India', 2006, 1, 54, 'R', 'Trailers', '', '2006-02-15 15:03:42'),
(9, 'ALABAMA DEVIL', 'A Thoughtful Panorama of a Database Administrator And a Mad Scientist who must Outgun a Mad Scientist in A Jet Boat', 2006, 1, 114, 'PG-13', 'Trailers,Deleted Scenes', '', '2006-02-15 15:03:42'),
(10, 'ALADDIN CALENDAR', 'A Action-Packed Tale of a Man And a Lumberjack who must Reach a Feminist in Ancient China', 2006, 1, 63, 'NC-17', 'Trailers,Deleted Scenes', '', '2006-02-15 15:03:42'),
(11, 'ALAMO VIDEOTAPE', 'A Boring Epistle of a Butler And a Cat who must Fight a Pastry Chef in A MySQL Convention', 2006, 1, 126, 'G', 'Commentaries,Behind the Scenes', '', '2006-02-15 15:03:42'),
(12, 'ALASKA PHANTOM', 'A Fanciful Saga of a Hunter And a Pastry Chef who must Vanquish a Boy in Australia', 2006, 1, 136, 'PG', 'Commentaries,Deleted Scenes', '', '2006-02-15 15:03:42'),
(13, 'ALI FOREVER', 'A Action-Packed Drama of a Dentist And a Crocodile who must Battle a Feminist in The Canadian Rockies', 2006, 1, 150, 'PG', 'Deleted Scenes,Behind the Scenes', '', '2006-02-15 15:03:42'),
(14, 'ALICE FANTASIA', 'A Emotional Drama of a A Shark And a Database Administrator who must Vanquish a Pioneer in Soviet Georgia', 2006, 1, 94, 'NC-17', 'Trailers,Deleted Scenes,Behind the Scenes', '', '2006-02-15 15:03:42'),
(15, 'ALIEN CENTER', 'A Brilliant Drama of a Cat And a Mad Scientist who must Battle a Feminist in A MySQL Convention', 2006, 1, 46, 'NC-17', 'Trailers,Commentaries,Behind the Scenes', '', '2006-02-15 15:03:42'),
(16, 'ALLEY EVOLUTION', 'A Fast-Paced Drama of a Robot And a Composer who must Battle a Astronaut in New Orleans', 2006, 1, 180, 'NC-17', 'Trailers,Commentaries', '', '2006-02-15 15:03:42'),
(17, 'ALONE TRIP', 'A Fast-Paced Character Study of a Composer And a Dog who must Outgun a Boat in An Abandoned Fun House', 2006, 1, 82, 'R', 'Trailers,Behind the Scenes', '', '2006-02-15 15:03:42'),
(18, 'ALTER VICTORY', 'A Thoughtful Drama of a Composer And a Feminist who must Meet a Secret Agent in The Canadian Rockies', 2006, 1, 57, 'PG-13', 'Trailers,Behind the Scenes', '', '2006-02-15 15:03:42'),
(19, 'AMADEUS HOLY', 'A Emotional Display of a Pioneer And a Technical Writer who must Battle a Man in A Baloon', 2006, 1, 113, 'PG', 'Commentaries,Deleted Scenes,Behind the Scenes', '', '2006-02-15 15:03:42'),
(20, 'AMELIE HELLFIGHTERS', 'A Boring Drama of a Woman And a Squirrel who must Conquer a Student in A Baloon', 2006, 1, 79, 'R', 'Commentaries,Deleted Scenes,Behind the Scenes', '', '2006-02-15 15:03:42'),
(21, 'AMERICAN CIRCUS', 'A Insightful Drama of a Girl And a Astronaut who must Face a Database Administrator in A Shark Tank', 2006, 1, 129, 'R', 'Commentaries,Behind the Scenes', '', '2006-02-15 15:03:42'),
(22, 'AMISTAD MIDSUMMER', 'A Emotional Character Study of a Dentist And a Crocodile who must Meet a Sumo Wrestler in California', 2006, 1, 85, 'G', 'Commentaries,Behind the Scenes', '', '2006-02-15 15:03:42'),
(23, 'ANACONDA CONFESSIONS', 'A Lacklusture Display of a Dentist And a Dentist who must Fight a Girl in Australia', 2006, 1, 92, 'R', 'Trailers,Deleted Scenes', '', '2006-02-15 15:03:42'),
(24, 'ANALYZE HOOSIERS', 'A Thoughtful Display of a Explorer And a Pastry Chef who must Overcome a Feminist in The Sahara Desert', 2006, 1, 181, 'R', 'Trailers,Behind the Scenes', '', '2006-02-15 15:03:42'),
(25, 'ANGELS LIFE', 'A Thoughtful Display of a Woman And a Astronaut who must Battle a Robot in Berlin', 2006, 1, 74, 'G', 'Trailers', '', '2006-02-15 15:03:42'),
(26, 'ANNIE IDENTITY', 'A Amazing Panorama of a Pastry Chef And a Boat who must Escape a Woman in An Abandoned Amusement Park', 2006, 1, 86, 'G', 'Commentaries,Deleted Scenes', '', '2006-02-15 15:03:42'),
(27, 'ANONYMOUS HUMAN', 'A Amazing Reflection of a Database Administrator And a Astronaut who must Outrace a Database Administrator in A Shark Tank', 2006, 1, 179, 'NC-17', 'Deleted Scenes,Behind the Scenes', '', '2006-02-15 15:03:42'),
(28, 'ANTHEM LUKE', 'A Touching Panorama of a Waitress And a Woman who must Outrace a Dog in An Abandoned Amusement Park', 2006, 1, 91, 'PG-13', 'Deleted Scenes,Behind the Scenes', '', '2006-02-15 15:03:42'),
(29, 'ANTITRUST TOMATOES', 'A Fateful Yarn of a Womanizer And a Feminist who must Succumb a Database Administrator in Ancient India', 2006, 1, 168, 'NC-17', 'Trailers,Commentaries,Deleted Scenes', '', '2006-02-15 15:03:42'),
(30, 'ANYTHING SAVANNAH', 'A Epic Story of a Pastry Chef And a Woman who must Chase a Feminist in An Abandoned Fun House', 2006, 1, 82, 'R', 'Trailers,Deleted Scenes,Behind the Scenes', '', '2006-02-15 15:03:42'),
(31, 'APACHE DIVINE', 'A Awe-Inspiring Reflection of a Pastry Chef And a Teacher who must Overcome a Sumo Wrestler in A U-Boat', 2006, 1, 92, 'NC-17', 'Commentaries,Deleted Scenes,Behind the Scenes', '', '2006-02-15 15:03:42'),
(32, 'APOCALYPSE FLAMINGOS', 'A Astounding Story of a Dog And a Squirrel who must Defeat a Woman in An Abandoned Amusement Park', 2006, 1, 119, 'R', 'Trailers,Commentaries', '', '2006-02-15 15:03:42'),
(33, 'APOLLO TEEN', 'A Action-Packed Reflection of a Crocodile And a Explorer who must Find a Sumo Wrestler in An Abandoned Mine Shaft', 2006, 1, 153, 'PG-13', 'Trailers,Commentaries,Deleted Scenes,Behind the Scenes', '', '2006-02-15 15:03:42'),
(34, 'ARABIA DOGMA', 'A Touching Epistle of a Madman And a Mad Cow who must Defeat a Student in Nigeria', 2006, 1, 62, 'NC-17', 'Commentaries,Deleted Scenes', '', '2006-02-15 15:03:42'),
(35, 'ARACHNOPHOBIA ROLLERCOASTER', 'A Action-Packed Reflection of a Pastry Chef And a Composer who must Discover a Mad Scientist in The First Manned Space Station', 2006, 1, 147, 'PG-13', 'Trailers,Deleted Scenes,Behind the Scenes', '', '2006-02-15 15:03:42'),
(36, 'ARGONAUTS TOWN', 'A Emotional Epistle of a Forensic Psychologist And a Butler who must Challenge a Waitress in An Abandoned Mine Shaft', 2006, 1, 127, 'PG-13', 'Trailers,Commentaries', '', '2006-02-15 15:03:42'),
(37, 'ARIZONA BANG', 'A Brilliant Panorama of a Mad Scientist And a Mad Cow who must Meet a Pioneer in A Monastery', 2006, 1, 121, 'PG', 'Trailers,Deleted Scenes', '', '2006-02-15 15:03:42'),
(38, 'ARK RIDGEMONT', 'A Beautiful Yarn of a Pioneer And a Monkey who must Pursue a Explorer in The Sahara Desert', 2006, 1, 68, 'NC-17', 'Trailers,Commentaries,Deleted Scenes,Behind the Scenes', '', '2006-02-15 15:03:42'),
(39, 'ARMAGEDDON LOST', 'A Fast-Paced Tale of a Boat And a Teacher who must Succumb a Composer in An Abandoned Mine Shaft', 2006, 1, 99, 'G', 'Trailers', '', '2006-02-15 15:03:42'),
(40, 'ARMY FLINTSTONES', 'A Boring Saga of a Database Administrator And a Womanizer who must Battle a Waitress in Nigeria', 2006, 1, 148, 'R', 'Trailers,Commentaries', '', '2006-02-15 15:03:42'),
(41, 'ARSENIC INDEPENDENCE', 'A Fanciful Documentary of a Mad Cow And a Womanizer who must Find a Dentist in Berlin', 2006, 1, 137, 'PG', 'Trailers,Deleted Scenes,Behind the Scenes', '', '2006-02-15 15:03:42'),
(42, 'ARTIST COLDBLOODED', 'A Stunning Reflection of a Robot And a Moose who must Challenge a Woman in California', 2006, 1, 170, 'NC-17', 'Trailers,Behind the Scenes', '', '2006-02-15 15:03:42'),
(43, 'ATLANTIS CAUSE', 'A Thrilling Yarn of a Feminist And a Hunter who must Fight a Technical Writer in A Shark Tank', 2006, 1, 170, 'G', 'Behind the Scenes', '', '2006-02-15 15:03:42'),
(44, 'ATTACKS HATE', 'A Fast-Paced Panorama of a Technical Writer And a Mad Scientist who must Find a Feminist in An Abandoned Mine Shaft', 2006, 1, 113, 'PG-13', 'Trailers,Behind the Scenes', '', '2006-02-15 15:03:42'),
(45, 'ATTRACTION NEWTON', 'A Astounding Panorama of a Composer And a Frisbee who must Reach a Husband in Ancient Japan', 2006, 1, 83, 'PG-13', 'Trailers,Behind the Scenes', '', '2006-02-15 15:03:42'),
(46, 'AUTUMN CROW', 'A Beautiful Tale of a Dentist And a Mad Cow who must Battle a Moose in The Sahara Desert', 2006, 1, 108, 'G', 'Trailers,Commentaries,Deleted Scenes,Behind the Scenes', '', '2006-02-15 15:03:42'),
(47, 'BABY HALL', 'A Boring Character Study of a A Shark And a Girl who must Outrace a Feminist in An Abandoned Mine Shaft', 2006, 1, 153, 'NC-17', 'Commentaries', '', '2006-02-15 15:03:42'),
(48, 'BACKLASH UNDEFEATED', 'A Stunning Character Study of a Mad Scientist And a Mad Cow who must Kill a Car in A Monastery', 2006, 1, 118, 'PG-13', 'Trailers,Behind the Scenes', '', '2006-02-15 15:03:42'),
(49, 'BADMAN DAWN', 'A Emotional Panorama of a Pioneer And a Composer who must Escape a Mad Scientist in A Jet Boat', 2006, 1, 162, 'R', 'Trailers,Commentaries,Behind the Scenes', '', '2006-02-15 15:03:42'),
(50, 'BAKED CLEOPATRA', 'A Stunning Drama of a Forensic Psychologist And a Husband who must Overcome a Waitress in A Monastery', 2006, 1, 182, 'G', 'Commentaries,Behind the Scenes', '', '2006-02-15 15:03:42'),
(51, 'BALLOON HOMEWARD', 'A Insightful Panorama of a Forensic Psychologist And a Mad Cow who must Build a Mad Scientist in The First Manned Space Station', 2006, 1, 75, 'NC-17', 'Deleted Scenes', '', '2006-02-15 15:03:42'),
(52, 'BALLROOM MOCKINGBIRD', 'A Thrilling Documentary of a Composer And a Monkey who must Find a Feminist in California', 2006, 1, 173, 'G', 'Commentaries,Deleted Scenes', '', '2006-02-15 15:03:42'),
(53, 'BANG KWAI', 'A Epic Drama of a Madman And a Cat who must Face a A Shark in An Abandoned Amusement Park', 2006, 1, 87, 'NC-17', 'Commentaries,Deleted Scenes,Behind the Scenes', '', '2006-02-15 15:03:42'),
(54, 'BANGER PINOCCHIO', 'A Awe-Inspiring Drama of a Car And a Pastry Chef who must Chase a Crocodile in The First Manned Space Station', 2006, 1, 113, 'R', 'Trailers,Commentaries,Deleted Scenes', '', '2006-02-15 15:03:42'),
(55, 'BARBARELLA STREETCAR', 'A Awe-Inspiring Story of a Feminist And a Cat who must Conquer a Dog in A Monastery', 2006, 1, 65, 'G', 'Behind the Scenes', '', '2006-02-15 15:03:42'),
(56, 'BAREFOOT MANCHURIAN', 'A Intrepid Story of a Cat And a Student who must Vanquish a Girl in An Abandoned Amusement Park', 2006, 1, 129, 'G', 'Trailers,Commentaries', '', '2006-02-15 15:03:42'),
(57, 'BASIC EASY', 'A Stunning Epistle of a Man And a Husband who must Reach a Mad Scientist in A Jet Boat', 2006, 1, 90, 'PG-13', 'Deleted Scenes', '', '2006-02-15 15:03:42'),
(58, 'BEACH HEARTBREAKERS', 'A Fateful Display of a Womanizer And a Mad Scientist who must Outgun a A Shark in Soviet Georgia', 2006, 1, 122, 'G', 'Deleted Scenes,Behind the Scenes', '', '2006-02-15 15:03:42'),
(59, 'BEAR GRACELAND', 'A Astounding Saga of a Dog And a Boy who must Kill a Teacher in The First Manned Space Station', 2006, 1, 160, 'R', 'Deleted Scenes', '', '2006-02-15 15:03:42'),
(60, 'BEAST HUNCHBACK', 'A Awe-Inspiring Epistle of a Student And a Squirrel who must Defeat a Boy in Ancient China', 2006, 1, 89, 'R', 'Deleted Scenes,Behind the Scenes', '', '2006-02-15 15:03:42'),
(61, 'BEAUTY GREASE', 'A Fast-Paced Display of a Composer And a Moose who must Sink a Robot in An Abandoned Mine Shaft', 2006, 1, 175, 'G', 'Trailers,Commentaries', '', '2006-02-15 15:03:42'),
(62, 'BED HIGHBALL', 'A Astounding Panorama of a Lumberjack And a Dog who must Redeem a Woman in An Abandoned Fun House', 2006, 1, 106, 'NC-17', 'Trailers,Commentaries,Deleted Scenes', '', '2006-02-15 15:03:42'),
(63, 'BEDAZZLED MARRIED', 'A Astounding Character Study of a Madman And a Robot who must Meet a Mad Scientist in An Abandoned Fun House', 2006, 1, 73, 'PG', 'Trailers,Deleted Scenes,Behind the Scenes', '', '2006-02-15 15:03:42'),
(64, 'BEETHOVEN EXORCIST', 'A Epic Display of a Pioneer And a Student who must Challenge a Butler in The Gulf of Mexico', 2006, 1, 151, 'PG-13', 'Commentaries,Behind the Scenes', '', '2006-02-15 15:03:42'),
(65, 'BEHAVIOR RUNAWAY', 'A Unbelieveable Drama of a Student And a Husband who must Outrace a Sumo Wrestler in Berlin', 2006, 1, 100, 'PG', 'Trailers,Deleted Scenes,Behind the Scenes', '', '2006-02-15 15:03:42'),
(66, 'BENEATH RUSH', 'A Astounding Panorama of a Man And a Monkey who must Discover a Man in The First Manned Space Station', 2006, 1, 53, 'NC-17', 'Commentaries,Deleted Scenes', '', '2006-02-15 15:03:42'),
(67, 'BERETS AGENT', 'A Taut Saga of a Crocodile And a Boy who must Overcome a Technical Writer in Ancient China', 2006, 1, 77, 'PG-13', 'Deleted Scenes', '', '2006-02-15 15:03:42'),
(68, 'BETRAYED REAR', 'A Emotional Character Study of a Boat And a Pioneer who must Find a Explorer in A Shark Tank', 2006, 1, 122, 'NC-17', 'Commentaries,Deleted Scenes,Behind the Scenes', '', '2006-02-15 15:03:42'),
(69, 'BEVERLY OUTLAW', 'A Fanciful Documentary of a Womanizer And a Boat who must Defeat a Madman in The First Manned Space Station', 2006, 1, 85, 'R', 'Trailers', '', '2006-02-15 15:03:42'),
(70, 'BIKINI BORROWERS', 'A Astounding Drama of a Astronaut And a Cat who must Discover a Woman in The First Manned Space Station', 2006, 1, 142, 'NC-17', 'Commentaries,Deleted Scenes', '', '2006-02-15 15:03:42'),
(71, 'BILKO ANONYMOUS', 'A Emotional Reflection of a Teacher And a Man who must Meet a Cat in The First Manned Space Station', 2006, 1, 100, 'PG-13', 'Commentaries,Deleted Scenes,Behind the Scenes', '', '2006-02-15 15:03:42'),
(72, 'BILL OTHERS', 'A Stunning Saga of a Mad Scientist And a Forensic Psychologist who must Challenge a Squirrel in A MySQL Convention', 2006, 1, 93, 'PG', 'Trailers,Commentaries', '', '2006-02-15 15:03:42'),
(73, 'BINGO TALENTED', 'A Touching Tale of a Girl And a Crocodile who must Discover a Waitress in Nigeria', 2006, 1, 150, 'PG-13', 'Trailers,Commentaries', '', '2006-02-15 15:03:42'),
(74, 'BIRCH ANTITRUST', 'A Fanciful Panorama of a Husband And a Pioneer who must Outgun a Dog in A Baloon', 2006, 1, 162, 'PG', 'Trailers,Commentaries,Deleted Scenes', '', '2006-02-15 15:03:42'),
(75, 'BIRD INDEPENDENCE', 'A Thrilling Documentary of a Car And a Student who must Sink a Hunter in The Canadian Rockies', 2006, 1, 163, 'G', 'Commentaries,Behind the Scenes', '', '2006-02-15 15:03:42'),
(76, 'BIRDCAGE CASPER', 'A Fast-Paced Saga of a Frisbee And a Astronaut who must Overcome a Feminist in Ancient India', 2006, 1, 103, 'NC-17', 'Commentaries,Deleted Scenes,Behind the Scenes', '', '2006-02-15 15:03:42'),
(77, 'BIRDS PERDITION', 'A Boring Story of a Womanizer And a Pioneer who must Face a Dog in California', 2006, 1, 61, 'G', 'Trailers,Behind the Scenes', '', '2006-02-15 15:03:42'),
(78, 'BLACKOUT PRIVATE', 'A Intrepid Yarn of a Pastry Chef And a Mad Scientist who must Challenge a Secret Agent in Ancient Japan', 2006, 1, 85, 'PG', 'Trailers,Deleted Scenes', '', '2006-02-15 15:03:42'),
(79, 'BLADE POLISH', 'A Thoughtful Character Study of a Frisbee And a Pastry Chef who must Fight a Dentist in The First Manned Space Station', 2006, 1, 114, 'PG-13', 'Trailers,Behind the Scenes', '', '2006-02-15 15:03:42'),
(80, 'BLANKET BEVERLY', 'A Emotional Documentary of a Student And a Girl who must Build a Boat in Nigeria', 2006, 1, 148, 'G', 'Trailers', '', '2006-02-15 15:03:42'),
(81, 'BLINDNESS GUN', 'A Touching Drama of a Robot And a Dentist who must Meet a Hunter in A Jet Boat', 2006, 1, 103, 'PG-13', 'Trailers,Behind the Scenes', '', '2006-02-15 15:03:42'),
(82, 'BLOOD ARGONAUTS', 'A Boring Drama of a Explorer And a Man who must Kill a Lumberjack in A Manhattan Penthouse', 2006, 1, 71, 'G', 'Trailers,Commentaries,Behind the Scenes', '', '2006-02-15 15:03:42'),
(83, 'BLUES INSTINCT', 'A Insightful Documentary of a Boat And a Composer who must Meet a Forensic Psychologist in An Abandoned Fun House', 2006, 1, 50, 'G', 'Trailers,Deleted Scenes,Behind the Scenes', '', '2006-02-15 15:03:42'),
(84, 'BOILED DARES', 'A Awe-Inspiring Story of a Waitress And a Dog who must Discover a Dentist in Ancient Japan', 2006, 1, 102, 'PG', 'Trailers,Commentaries', '', '2006-02-15 15:03:42'),
(85, 'BONNIE HOLOCAUST', 'A Fast-Paced Story of a Crocodile And a Robot who must Find a Moose in Ancient Japan', 2006, 1, 63, 'G', 'Deleted Scenes', '', '2006-02-15 15:03:42'),
(86, 'BOOGIE AMELIE', 'A Lacklusture Character Study of a Husband And a Sumo Wrestler who must Succumb a Technical Writer in The Gulf of Mexico', 2006, 1, 121, 'R', 'Commentaries,Behind the Scenes', '', '2006-02-15 15:03:42'),
(87, 'BOONDOCK BALLROOM', 'A Fateful Panorama of a Crocodile And a Boy who must Defeat a Monkey in The Gulf of Mexico', 2006, 1, 76, 'NC-17', 'Behind the Scenes', '', '2006-02-15 15:03:42'),
(88, 'BORN SPINAL', 'A Touching Epistle of a Frisbee And a Husband who must Pursue a Student in Nigeria', 2006, 1, 179, 'PG', 'Trailers,Commentaries,Deleted Scenes', '', '2006-02-15 15:03:42'),
(89, 'BORROWERS BEDAZZLED', 'A Brilliant Epistle of a Teacher And a Sumo Wrestler who must Defeat a Man in An Abandoned Fun House', 2006, 1, 63, 'G', 'Commentaries,Deleted Scenes,Behind the Scenes', '', '2006-02-15 15:03:42'),
(90, 'BOULEVARD MOB', 'A Fateful Epistle of a Moose And a Monkey who must Confront a Lumberjack in Ancient China', 2006, 1, 63, 'R', 'Trailers', '', '2006-02-15 15:03:42'),
(91, 'BOUND CHEAPER', 'A Thrilling Panorama of a Database Administrator And a Astronaut who must Challenge a Lumberjack in A Baloon', 2006, 1, 98, 'PG', 'Behind the Scenes', '', '2006-02-15 15:03:42'),
(92, 'BOWFINGER GABLES', 'A Fast-Paced Yarn of a Waitress And a Composer who must Outgun a Dentist in California', 2006, 1, 72, 'NC-17', 'Trailers,Deleted Scenes', '', '2006-02-15 15:03:42'),
(93, 'BRANNIGAN SUNRISE', 'A Amazing Epistle of a Moose And a Crocodile who must Outrace a Dog in Berlin', 2006, 1, 121, 'PG', 'Trailers', '', '2006-02-15 15:03:42'),
(94, 'BRAVEHEART HUMAN', 'A Insightful Story of a Dog And a Pastry Chef who must Battle a Girl in Berlin', 2006, 1, 176, 'PG-13', 'Trailers,Deleted Scenes', '', '2006-02-15 15:03:42'),
(95, 'BREAKFAST GOLDFINGER', 'A Beautiful Reflection of a Student And a Student who must Fight a Moose in Berlin', 2006, 1, 123, 'G', 'Trailers,Commentaries,Deleted Scenes', '', '2006-02-15 15:03:42'),
(96, 'BREAKING HOME', 'A Beautiful Display of a Secret Agent And a Monkey who must Battle a Sumo Wrestler in An Abandoned Mine Shaft', 2006, 1, 169, 'PG-13', 'Trailers,Commentaries', '', '2006-02-15 15:03:42'),
(97, 'BRIDE INTRIGUE', 'A Epic Tale of a Robot And a Monkey who must Vanquish a Man in New Orleans', 2006, 1, 56, 'G', 'Trailers,Commentaries,Behind the Scenes', '', '2006-02-15 15:03:42'),
(98, 'BRIGHT ENCOUNTERS', 'A Fateful Yarn of a Lumberjack And a Feminist who must Conquer a Student in A Jet Boat', 2006, 1, 73, 'PG-13', 'Trailers', '', '2006-02-15 15:03:42'),
(99, 'BRINGING HYSTERICAL', 'A Fateful Saga of a A Shark And a Technical Writer who must Find a Woman in A Jet Boat', 2006, 1, 136, 'PG', 'Trailers', '', '2006-02-15 15:03:42'),
(100, 'BROOKLYN DESERT', 'A Beautiful Drama of a Dentist And a Composer who must Battle a Sumo Wrestler in The First Manned Space Station', 2006, 1, 161, 'R', 'Commentaries', '', '2006-02-15 15:03:42');



INSERT INTO `film_actor` (`actor_id`, `film_id`, `created_at`, `updated_at`) VALUES
(1, 1, '2006-02-15 15:05:03', '0000-00-00 00:00:00'),
(1, 23, '2006-02-15 15:05:03', '0000-00-00 00:00:00'),
(1, 25, '2006-02-15 15:05:03', '0000-00-00 00:00:00'),
(2, 3, '2006-02-15 15:05:03', '0000-00-00 00:00:00'),
(2, 31, '2006-02-15 15:05:03', '0000-00-00 00:00:00'),
(2, 47, '2006-02-15 15:05:03', '0000-00-00 00:00:00'),
(3, 17, '2006-02-15 15:05:03', '0000-00-00 00:00:00'),
(3, 40, '2006-02-15 15:05:03', '0000-00-00 00:00:00'),
(3, 42, '2006-02-15 15:05:03', '0000-00-00 00:00:00'),
(3, 87, '2006-02-15 15:05:03', '0000-00-00 00:00:00'),
(4, 23, '2006-02-15 15:05:03', '0000-00-00 00:00:00'),
(4, 25, '2006-02-15 15:05:03', '0000-00-00 00:00:00'),
(4, 56, '2006-02-15 15:05:03', '0000-00-00 00:00:00'),
(4, 62, '2006-02-15 15:05:03', '0000-00-00 00:00:00'),
(4, 79, '2006-02-15 15:05:03', '0000-00-00 00:00:00'),
(4, 87, '2006-02-15 15:05:03', '0000-00-00 00:00:00'),
(5, 19, '2006-02-15 15:05:03', '0000-00-00 00:00:00'),
(5, 54, '2006-02-15 15:05:03', '0000-00-00 00:00:00'),
(5, 85, '2006-02-15 15:05:03', '0000-00-00 00:00:00'),
(6, 29, '2006-02-15 15:05:03', '0000-00-00 00:00:00'),
(6, 53, '2006-02-15 15:05:03', '0000-00-00 00:00:00'),
(6, 60, '2006-02-15 15:05:03', '0000-00-00 00:00:00'),
(6, 70, '2006-02-15 15:05:03', '0000-00-00 00:00:00'),
(7, 25, '2006-02-15 15:05:03', '0000-00-00 00:00:00'),
(7, 27, '2006-02-15 15:05:03', '0000-00-00 00:00:00'),
(7, 35, '2006-02-15 15:05:03', '0000-00-00 00:00:00'),
(7, 67, '2006-02-15 15:05:03', '0000-00-00 00:00:00'),
(7, 96, '2006-02-15 15:05:03', '0000-00-00 00:00:00'),
(8, 47, '2006-02-15 15:05:03', '0000-00-00 00:00:00'),
(9, 30, '2006-02-15 15:05:03', '0000-00-00 00:00:00'),
(9, 74, '2006-02-15 15:05:03', '0000-00-00 00:00:00'),
(10, 1, '2006-02-15 15:05:03', '0000-00-00 00:00:00'),
(10, 9, '2006-02-15 15:05:03', '0000-00-00 00:00:00'),
(12, 16, '2006-02-15 15:05:03', '0000-00-00 00:00:00'),
(12, 17, '2006-02-15 15:05:03', '0000-00-00 00:00:00'),
(12, 34, '2006-02-15 15:05:03', '0000-00-00 00:00:00'),
(12, 37, '2006-02-15 15:05:03', '0000-00-00 00:00:00'),
(12, 91, '2006-02-15 15:05:03', '0000-00-00 00:00:00'),
(12, 92, '2006-02-15 15:05:03', '0000-00-00 00:00:00'),
(13, 17, '2006-02-15 15:05:03', '0000-00-00 00:00:00'),
(13, 29, '2006-02-15 15:05:03', '0000-00-00 00:00:00'),
(13, 45, '2006-02-15 15:05:03', '0000-00-00 00:00:00'),
(13, 87, '2006-02-15 15:05:03', '0000-00-00 00:00:00'),
(15, 31, '2006-02-15 15:05:03', '0000-00-00 00:00:00'),
(15, 89, '2006-02-15 15:05:03', '0000-00-00 00:00:00'),
(15, 91, '2006-02-15 15:05:03', '0000-00-00 00:00:00'),
(16, 80, '2006-02-15 15:05:03', '0000-00-00 00:00:00'),
(16, 87, '2006-02-15 15:05:03', '0000-00-00 00:00:00'),
(17, 96, '2006-02-15 15:05:03', '0000-00-00 00:00:00'),
(18, 44, '2006-02-15 15:05:03', '0000-00-00 00:00:00'),
(18, 84, '2006-02-15 15:05:03', '0000-00-00 00:00:00'),
(19, 2, '2006-02-15 15:05:03', '0000-00-00 00:00:00'),
(19, 3, '2006-02-15 15:05:03', '0000-00-00 00:00:00'),
(20, 1, '2006-02-15 15:05:03', '0000-00-00 00:00:00'),
(20, 54, '2006-02-15 15:05:03', '0000-00-00 00:00:00'),
(20, 63, '2006-02-15 15:05:03', '0000-00-00 00:00:00'),
(21, 6, '2006-02-15 15:05:03', '0000-00-00 00:00:00'),
(21, 87, '2006-02-15 15:05:03', '0000-00-00 00:00:00'),
(21, 88, '2006-02-15 15:05:03', '0000-00-00 00:00:00'),
(22, 9, '2006-02-15 15:05:03', '0000-00-00 00:00:00'),
(22, 23, '2006-02-15 15:05:03', '0000-00-00 00:00:00'),
(22, 56, '2006-02-15 15:05:03', '0000-00-00 00:00:00'),
(22, 89, '2006-02-15 15:05:03', '0000-00-00 00:00:00'),
(23, 6, '2006-02-15 15:05:03', '0000-00-00 00:00:00'),
(23, 42, '2006-02-15 15:05:03', '0000-00-00 00:00:00'),
(23, 78, '2006-02-15 15:05:03', '0000-00-00 00:00:00'),
(24, 3, '2006-02-15 15:05:03', '0000-00-00 00:00:00'),
(24, 83, '2006-02-15 15:05:03', '0000-00-00 00:00:00'),
(25, 21, '2006-02-15 15:05:03', '0000-00-00 00:00:00'),
(25, 86, '2006-02-15 15:05:03', '0000-00-00 00:00:00'),
(26, 9, '2006-02-15 15:05:03', '0000-00-00 00:00:00'),
(26, 21, '2006-02-15 15:05:03', '0000-00-00 00:00:00'),
(26, 34, '2006-02-15 15:05:03', '0000-00-00 00:00:00'),
(26, 90, '2006-02-15 15:05:03', '0000-00-00 00:00:00'),
(26, 93, '2006-02-15 15:05:03', '0000-00-00 00:00:00'),
(27, 19, '2006-02-15 15:05:03', '0000-00-00 00:00:00'),
(27, 34, '2006-02-15 15:05:03', '0000-00-00 00:00:00'),
(27, 85, '2006-02-15 15:05:03', '0000-00-00 00:00:00'),
(28, 14, '2006-02-15 15:05:03', '0000-00-00 00:00:00'),
(28, 43, '2006-02-15 15:05:03', '0000-00-00 00:00:00'),
(28, 58, '2006-02-15 15:05:03', '0000-00-00 00:00:00'),
(28, 74, '2006-02-15 15:05:03', '0000-00-00 00:00:00'),
(28, 96, '2006-02-15 15:05:03', '0000-00-00 00:00:00'),
(29, 10, '2006-02-15 15:05:03', '0000-00-00 00:00:00'),
(29, 79, '2006-02-15 15:05:03', '0000-00-00 00:00:00'),
(30, 1, '2006-02-15 15:05:03', '0000-00-00 00:00:00'),
(30, 53, '2006-02-15 15:05:03', '0000-00-00 00:00:00'),
(30, 64, '2006-02-15 15:05:03', '0000-00-00 00:00:00'),
(30, 69, '2006-02-15 15:05:03', '0000-00-00 00:00:00'),
(30, 77, '2006-02-15 15:05:03', '0000-00-00 00:00:00'),
(30, 87, '2006-02-15 15:05:03', '0000-00-00 00:00:00'),
(31, 88, '2006-02-15 15:05:03', '0000-00-00 00:00:00'),
(32, 65, '2006-02-15 15:05:03', '0000-00-00 00:00:00'),
(32, 84, '2006-02-15 15:05:03', '0000-00-00 00:00:00'),
(33, 56, '2006-02-15 15:05:03', '0000-00-00 00:00:00'),
(34, 43, '2006-02-15 15:05:03', '0000-00-00 00:00:00'),
(34, 90, '2006-02-15 15:05:03', '0000-00-00 00:00:00'),
(35, 10, '2006-02-15 15:05:03', '0000-00-00 00:00:00'),
(35, 35, '2006-02-15 15:05:03', '0000-00-00 00:00:00'),
(35, 52, '2006-02-15 15:05:03', '0000-00-00 00:00:00'),
(36, 15, '2006-02-15 15:05:03', '0000-00-00 00:00:00'),
(36, 81, '2006-02-15 15:05:03', '0000-00-00 00:00:00'),
(37, 10, '2006-02-15 15:05:03', '0000-00-00 00:00:00'),
(37, 12, '2006-02-15 15:05:03', '0000-00-00 00:00:00'),
(37, 19, '2006-02-15 15:05:03', '0000-00-00 00:00:00'),
(38, 24, '2006-02-15 15:05:03', '0000-00-00 00:00:00'),
(39, 71, '2006-02-15 15:05:03', '0000-00-00 00:00:00'),
(39, 73, '2006-02-15 15:05:03', '0000-00-00 00:00:00'),
(40, 1, '2006-02-15 15:05:03', '0000-00-00 00:00:00'),
(40, 11, '2006-02-15 15:05:03', '0000-00-00 00:00:00'),
(40, 34, '2006-02-15 15:05:03', '0000-00-00 00:00:00'),
(41, 4, '2006-02-15 15:05:03', '0000-00-00 00:00:00'),
(41, 60, '2006-02-15 15:05:03', '0000-00-00 00:00:00'),
(41, 69, '2006-02-15 15:05:03', '0000-00-00 00:00:00'),
(41, 86, '2006-02-15 15:05:03', '0000-00-00 00:00:00'),
(41, 100, '2006-02-15 15:05:03', '0000-00-00 00:00:00'),
(42, 24, '2006-02-15 15:05:03', '0000-00-00 00:00:00'),
(43, 19, '2006-02-15 15:05:03', '0000-00-00 00:00:00'),
(43, 42, '2006-02-15 15:05:03', '0000-00-00 00:00:00'),
(43, 56, '2006-02-15 15:05:03', '0000-00-00 00:00:00'),
(43, 89, '2006-02-15 15:05:03', '0000-00-00 00:00:00'),
(44, 58, '2006-02-15 15:05:03', '0000-00-00 00:00:00'),
(44, 84, '2006-02-15 15:05:03', '0000-00-00 00:00:00'),
(44, 88, '2006-02-15 15:05:03', '0000-00-00 00:00:00'),
(44, 94, '2006-02-15 15:05:03', '0000-00-00 00:00:00'),
(45, 18, '2006-02-15 15:05:03', '0000-00-00 00:00:00'),
(45, 65, '2006-02-15 15:05:03', '0000-00-00 00:00:00'),
(45, 66, '2006-02-15 15:05:03', '0000-00-00 00:00:00'),
(46, 38, '2006-02-15 15:05:03', '0000-00-00 00:00:00'),
(46, 51, '2006-02-15 15:05:03', '0000-00-00 00:00:00'),
(47, 25, '2006-02-15 15:05:03', '0000-00-00 00:00:00'),
(47, 36, '2006-02-15 15:05:03', '0000-00-00 00:00:00'),
(47, 53, '2006-02-15 15:05:03', '0000-00-00 00:00:00'),
(47, 67, '2006-02-15 15:05:03', '0000-00-00 00:00:00'),
(48, 99, '2006-02-15 15:05:03', '0000-00-00 00:00:00'),
(49, 31, '2006-02-15 15:05:03', '0000-00-00 00:00:00');



INSERT INTO `language` (`id`, `name`) VALUES
(1, 'English'),
(2, 'Italian'),
(3, 'Japanese'),
(4, 'Mandarin'),
(5, 'French'),
(6, 'German');
